species,census,n,S_t,N_t,dn,dS,dN
Agonus cataphractus,1995,3.0,38.0,7310.0,-1.0,2.0,-7270.0
Agonus cataphractus,1996,2.0,40.0,7305.0,-2.0,-4.0,-7269.0
Agonus cataphractus,1997,0.0,36.0,4703.0,2.0,5.0,-4662.0
Agonus cataphractus,1998,2.0,41.0,8489.0,-2.0,-6.0,-8454.0
Agonus cataphractus,1999,0.0,35.0,4885.0,0.0,2.0,-4848.0
Agonus cataphractus,2000,0.0,37.0,5946.0,2.0,1.0,-5908.0
Agonus cataphractus,2001,2.0,38.0,4945.0,-2.0,0.0,-4907.0
Agonus cataphractus,2002,0.0,38.0,3270.0,2.0,-4.0,-3236.0
Agonus cataphractus,2003,2.0,34.0,5745.0,0.0,0.0,-5711.0
Agonus cataphractus,2004,2.0,34.0,4793.0,-2.0,2.0,-4757.0
Agonus cataphractus,2005,0.0,36.0,4352.0,0.0,0.0,-4316.0
Agonus cataphractus,2006,0.0,36.0,4556.0,0.0,0.0,-4520.0
Agonus cataphractus,2007,0.0,36.0,3950.0,1.0,-5.0,-3919.0
Anguilla anguilla,1995,17.0,38.0,7310.0,23.0,2.0,-7270.0
Anguilla anguilla,1996,40.0,40.0,7305.0,-14.0,-4.0,-7269.0
Anguilla anguilla,1997,26.0,36.0,4703.0,-1.0,5.0,-4662.0
Anguilla anguilla,1998,25.0,41.0,8489.0,-4.0,-6.0,-8454.0
Anguilla anguilla,1999,21.0,35.0,4885.0,-11.0,2.0,-4848.0
Anguilla anguilla,2000,10.0,37.0,5946.0,7.0,1.0,-5908.0
Anguilla anguilla,2001,17.0,38.0,4945.0,-9.0,0.0,-4907.0
Anguilla anguilla,2002,8.0,38.0,3270.0,-3.0,-4.0,-3236.0
Anguilla anguilla,2003,5.0,34.0,5745.0,-3.0,0.0,-5711.0
Anguilla anguilla,2004,2.0,34.0,4793.0,2.0,2.0,-4757.0
Anguilla anguilla,2005,4.0,36.0,4352.0,9.0,0.0,-4316.0
Anguilla anguilla,2006,13.0,36.0,4556.0,-13.0,0.0,-4520.0
Anguilla anguilla,2007,0.0,36.0,3950.0,3.0,-5.0,-3919.0
Asteroidea,1995,71.0,38.0,7310.0,4.0,2.0,-7270.0
Asteroidea,1996,75.0,40.0,7305.0,-75.0,-4.0,-7269.0
Asteroidea,1997,0.0,36.0,4703.0,11.0,5.0,-4662.0
Asteroidea,1998,11.0,41.0,8489.0,-3.0,-6.0,-8454.0
Asteroidea,1999,8.0,35.0,4885.0,24.0,2.0,-4848.0
Asteroidea,2000,32.0,37.0,5946.0,-23.0,1.0,-5908.0
Asteroidea,2001,9.0,38.0,4945.0,33.0,0.0,-4907.0
Asteroidea,2002,42.0,38.0,3270.0,-16.0,-4.0,-3236.0
Asteroidea,2003,26.0,34.0,5745.0,-21.0,0.0,-5711.0
Asteroidea,2004,5.0,34.0,4793.0,9.0,2.0,-4757.0
Asteroidea,2005,14.0,36.0,4352.0,-2.0,0.0,-4316.0
Asteroidea,2006,12.0,36.0,4556.0,-5.0,0.0,-4520.0
Asteroidea,2007,7.0,36.0,3950.0,22.0,-5.0,-3919.0
Aurelia aurita,1995,101.0,38.0,7310.0,-41.0,2.0,-7270.0
Aurelia aurita,1996,60.0,40.0,7305.0,-58.0,-4.0,-7269.0
Aurelia aurita,1997,2.0,36.0,4703.0,-2.0,5.0,-4662.0
Aurelia aurita,1998,0.0,41.0,8489.0,0.0,-6.0,-8454.0
Aurelia aurita,1999,0.0,35.0,4885.0,1.0,2.0,-4848.0
Aurelia aurita,2000,1.0,37.0,5946.0,-1.0,1.0,-5908.0
Aurelia aurita,2001,0.0,38.0,4945.0,1.0,0.0,-4907.0
Aurelia aurita,2002,1.0,38.0,3270.0,-1.0,-4.0,-3236.0
Aurelia aurita,2003,0.0,34.0,5745.0,6.0,0.0,-5711.0
Aurelia aurita,2004,6.0,34.0,4793.0,-4.0,2.0,-4757.0
Aurelia aurita,2005,2.0,36.0,4352.0,-2.0,0.0,-4316.0
Aurelia aurita,2006,0.0,36.0,4556.0,0.0,0.0,-4520.0
Aurelia aurita,2007,0.0,36.0,3950.0,0.0,-5.0,-3919.0
Callionymus lyra,1995,4.0,38.0,7310.0,0.0,2.0,-7270.0
Callionymus lyra,1996,4.0,40.0,7305.0,-3.0,-4.0,-7269.0
Callionymus lyra,1997,1.0,36.0,4703.0,6.0,5.0,-4662.0
Callionymus lyra,1998,7.0,41.0,8489.0,-2.0,-6.0,-8454.0
Callionymus lyra,1999,5.0,35.0,4885.0,9.0,2.0,-4848.0
Callionymus lyra,2000,14.0,37.0,5946.0,-10.0,1.0,-5908.0
Callionymus lyra,2001,4.0,38.0,4945.0,7.0,0.0,-4907.0
Callionymus lyra,2002,11.0,38.0,3270.0,-11.0,-4.0,-3236.0
Callionymus lyra,2003,0.0,34.0,5745.0,6.0,0.0,-5711.0
Callionymus lyra,2004,6.0,34.0,4793.0,0.0,2.0,-4757.0
Callionymus lyra,2005,6.0,36.0,4352.0,-5.0,0.0,-4316.0
Callionymus lyra,2006,1.0,36.0,4556.0,18.0,0.0,-4520.0
Callionymus lyra,2007,19.0,36.0,3950.0,-14.0,-5.0,-3919.0
Carcinus maenas,1995,99.0,38.0,7310.0,-6.0,2.0,-7270.0
Carcinus maenas,1996,93.0,40.0,7305.0,-4.0,-4.0,-7269.0
Carcinus maenas,1997,89.0,36.0,4703.0,-24.0,5.0,-4662.0
Carcinus maenas,1998,65.0,41.0,8489.0,18.0,-6.0,-8454.0
Carcinus maenas,1999,83.0,35.0,4885.0,-36.0,2.0,-4848.0
Carcinus maenas,2000,47.0,37.0,5946.0,18.0,1.0,-5908.0
Carcinus maenas,2001,65.0,38.0,4945.0,13.0,0.0,-4907.0
Carcinus maenas,2002,78.0,38.0,3270.0,-15.0,-4.0,-3236.0
Carcinus maenas,2003,63.0,34.0,5745.0,-2.0,0.0,-5711.0
Carcinus maenas,2004,61.0,34.0,4793.0,-18.0,2.0,-4757.0
Carcinus maenas,2005,43.0,36.0,4352.0,18.0,0.0,-4316.0
Carcinus maenas,2006,61.0,36.0,4556.0,-24.0,0.0,-4520.0
Carcinus maenas,2007,37.0,36.0,3950.0,6.0,-5.0,-3919.0
Centrolabrus exoletus,1995,5.0,38.0,7310.0,50.0,2.0,-7270.0
Centrolabrus exoletus,1996,55.0,40.0,7305.0,-46.0,-4.0,-7269.0
Centrolabrus exoletus,1997,9.0,36.0,4703.0,13.0,5.0,-4662.0
Centrolabrus exoletus,1998,22.0,41.0,8489.0,-3.0,-6.0,-8454.0
Centrolabrus exoletus,1999,19.0,35.0,4885.0,9.0,2.0,-4848.0
Centrolabrus exoletus,2000,28.0,37.0,5946.0,-11.0,1.0,-5908.0
Centrolabrus exoletus,2001,17.0,38.0,4945.0,-3.0,0.0,-4907.0
Centrolabrus exoletus,2002,14.0,38.0,3270.0,28.0,-4.0,-3236.0
Centrolabrus exoletus,2003,42.0,34.0,5745.0,-3.0,0.0,-5711.0
Centrolabrus exoletus,2004,39.0,34.0,4793.0,-12.0,2.0,-4757.0
Centrolabrus exoletus,2005,27.0,36.0,4352.0,-10.0,0.0,-4316.0
Centrolabrus exoletus,2006,17.0,36.0,4556.0,16.0,0.0,-4520.0
Centrolabrus exoletus,2007,33.0,36.0,3950.0,0.0,-5.0,-3919.0
Clupea harengus,1995,23.0,38.0,7310.0,7.0,2.0,-7270.0
Clupea harengus,1996,30.0,40.0,7305.0,-8.0,-4.0,-7269.0
Clupea harengus,1997,22.0,36.0,4703.0,-4.0,5.0,-4662.0
Clupea harengus,1998,18.0,41.0,8489.0,37.0,-6.0,-8454.0
Clupea harengus,1999,55.0,35.0,4885.0,-45.0,2.0,-4848.0
Clupea harengus,2000,10.0,37.0,5946.0,38.0,1.0,-5908.0
Clupea harengus,2001,48.0,38.0,4945.0,-15.0,0.0,-4907.0
Clupea harengus,2002,33.0,38.0,3270.0,-2.0,-4.0,-3236.0
Clupea harengus,2003,31.0,34.0,5745.0,-11.0,0.0,-5711.0
Clupea harengus,2004,20.0,34.0,4793.0,5.0,2.0,-4757.0
Clupea harengus,2005,25.0,36.0,4352.0,2.0,0.0,-4316.0
Clupea harengus,2006,27.0,36.0,4556.0,-11.0,0.0,-4520.0
Clupea harengus,2007,16.0,36.0,3950.0,1.0,-5.0,-3919.0
Crangon crangon,1995,12.0,38.0,7310.0,14.0,2.0,-7270.0
Crangon crangon,1996,26.0,40.0,7305.0,-11.0,-4.0,-7269.0
Crangon crangon,1997,15.0,36.0,4703.0,1.0,5.0,-4662.0
Crangon crangon,1998,16.0,41.0,8489.0,-4.0,-6.0,-8454.0
Crangon crangon,1999,12.0,35.0,4885.0,11.0,2.0,-4848.0
Crangon crangon,2000,23.0,37.0,5946.0,-23.0,1.0,-5908.0
Crangon crangon,2001,0.0,38.0,4945.0,2.0,0.0,-4907.0
Crangon crangon,2002,2.0,38.0,3270.0,-2.0,-4.0,-3236.0
Crangon crangon,2003,0.0,34.0,5745.0,0.0,0.0,-5711.0
Crangon crangon,2004,0.0,34.0,4793.0,0.0,2.0,-4757.0
Crangon crangon,2005,0.0,36.0,4352.0,0.0,0.0,-4316.0
Crangon crangon,2006,0.0,36.0,4556.0,0.0,0.0,-4520.0
Crangon crangon,2007,0.0,36.0,3950.0,0.0,-5.0,-3919.0
Crystallogobius linearis,1995,13.0,38.0,7310.0,-6.0,2.0,-7270.0
Crystallogobius linearis,1996,7.0,40.0,7305.0,88.0,-4.0,-7269.0
Crystallogobius linearis,1997,95.0,36.0,4703.0,-88.0,5.0,-4662.0
Crystallogobius linearis,1998,7.0,41.0,8489.0,60.0,-6.0,-8454.0
Crystallogobius linearis,1999,67.0,35.0,4885.0,-7.0,2.0,-4848.0
Crystallogobius linearis,2000,60.0,37.0,5946.0,-23.0,1.0,-5908.0
Crystallogobius linearis,2001,37.0,38.0,4945.0,66.0,0.0,-4907.0
Crystallogobius linearis,2002,103.0,38.0,3270.0,-69.0,-4.0,-3236.0
Crystallogobius linearis,2003,34.0,34.0,5745.0,53.0,0.0,-5711.0
Crystallogobius linearis,2004,87.0,34.0,4793.0,64.0,2.0,-4757.0
Crystallogobius linearis,2005,151.0,36.0,4352.0,36.0,0.0,-4316.0
Crystallogobius linearis,2006,187.0,36.0,4556.0,-78.0,0.0,-4520.0
Crystallogobius linearis,2007,109.0,36.0,3950.0,6.0,-5.0,-3919.0
Ctenolabrus rupestris,1995,204.0,38.0,7310.0,12.0,2.0,-7270.0
Ctenolabrus rupestris,1996,216.0,40.0,7305.0,21.0,-4.0,-7269.0
Ctenolabrus rupestris,1997,237.0,36.0,4703.0,-21.0,5.0,-4662.0
Ctenolabrus rupestris,1998,216.0,41.0,8489.0,9.0,-6.0,-8454.0
Ctenolabrus rupestris,1999,225.0,35.0,4885.0,9.0,2.0,-4848.0
Ctenolabrus rupestris,2000,234.0,37.0,5946.0,-6.0,1.0,-5908.0
Ctenolabrus rupestris,2001,228.0,38.0,4945.0,9.0,0.0,-4907.0
Ctenolabrus rupestris,2002,237.0,38.0,3270.0,6.0,-4.0,-3236.0
Ctenolabrus rupestris,2003,243.0,34.0,5745.0,-18.0,0.0,-5711.0
Ctenolabrus rupestris,2004,225.0,34.0,4793.0,21.0,2.0,-4757.0
Ctenolabrus rupestris,2005,246.0,36.0,4352.0,0.0,0.0,-4316.0
Ctenolabrus rupestris,2006,246.0,36.0,4556.0,-33.0,0.0,-4520.0
Ctenolabrus rupestris,2007,213.0,36.0,3950.0,6.0,-5.0,-3919.0
Cyanea capillata,1995,507.0,38.0,7310.0,167.0,2.0,-7270.0
Cyanea capillata,1996,674.0,40.0,7305.0,-513.0,-4.0,-7269.0
Cyanea capillata,1997,161.0,36.0,4703.0,153.0,5.0,-4662.0
Cyanea capillata,1998,314.0,41.0,8489.0,-208.0,-6.0,-8454.0
Cyanea capillata,1999,106.0,35.0,4885.0,66.0,2.0,-4848.0
Cyanea capillata,2000,172.0,37.0,5946.0,-110.0,1.0,-5908.0
Cyanea capillata,2001,62.0,38.0,4945.0,-17.0,0.0,-4907.0
Cyanea capillata,2002,45.0,38.0,3270.0,894.0,-4.0,-3236.0
Cyanea capillata,2003,939.0,34.0,5745.0,-783.0,0.0,-5711.0
Cyanea capillata,2004,156.0,34.0,4793.0,-49.0,2.0,-4757.0
Cyanea capillata,2005,107.0,36.0,4352.0,57.0,0.0,-4316.0
Cyanea capillata,2006,164.0,36.0,4556.0,-103.0,0.0,-4520.0
Cyanea capillata,2007,61.0,36.0,3950.0,465.0,-5.0,-3919.0
Echinoidea,1995,24.0,38.0,7310.0,11.0,2.0,-7270.0
Echinoidea,1996,35.0,40.0,7305.0,5.0,-4.0,-7269.0
Echinoidea,1997,40.0,36.0,4703.0,-11.0,5.0,-4662.0
Echinoidea,1998,29.0,41.0,8489.0,-7.0,-6.0,-8454.0
Echinoidea,1999,22.0,35.0,4885.0,3.0,2.0,-4848.0
Echinoidea,2000,25.0,37.0,5946.0,-7.0,1.0,-5908.0
Echinoidea,2001,18.0,38.0,4945.0,1.0,0.0,-4907.0
Echinoidea,2002,19.0,38.0,3270.0,-9.0,-4.0,-3236.0
Echinoidea,2003,10.0,34.0,5745.0,8.0,0.0,-5711.0
Echinoidea,2004,18.0,34.0,4793.0,-2.0,2.0,-4757.0
Echinoidea,2005,16.0,36.0,4352.0,-4.0,0.0,-4316.0
Echinoidea,2006,12.0,36.0,4556.0,-5.0,0.0,-4520.0
Echinoidea,2007,7.0,36.0,3950.0,-7.0,-5.0,-3919.0
Entelurus aequoreus,1995,3.0,38.0,7310.0,2.0,2.0,-7270.0
Entelurus aequoreus,1996,5.0,40.0,7305.0,3.0,-4.0,-7269.0
Entelurus aequoreus,1997,8.0,36.0,4703.0,-6.0,5.0,-4662.0
Entelurus aequoreus,1998,2.0,41.0,8489.0,0.0,-6.0,-8454.0
Entelurus aequoreus,1999,2.0,35.0,4885.0,2.0,2.0,-4848.0
Entelurus aequoreus,2000,4.0,37.0,5946.0,3.0,1.0,-5908.0
Entelurus aequoreus,2001,7.0,38.0,4945.0,-6.0,0.0,-4907.0
Entelurus aequoreus,2002,1.0,38.0,3270.0,-1.0,-4.0,-3236.0
Entelurus aequoreus,2003,0.0,34.0,5745.0,6.0,0.0,-5711.0
Entelurus aequoreus,2004,6.0,34.0,4793.0,0.0,2.0,-4757.0
Entelurus aequoreus,2005,6.0,36.0,4352.0,-5.0,0.0,-4316.0
Entelurus aequoreus,2006,1.0,36.0,4556.0,3.0,0.0,-4520.0
Entelurus aequoreus,2007,4.0,36.0,3950.0,-3.0,-5.0,-3919.0
Eutrigla gurnardus,1995,22.0,38.0,7310.0,-8.0,2.0,-7270.0
Eutrigla gurnardus,1996,14.0,40.0,7305.0,-4.0,-4.0,-7269.0
Eutrigla gurnardus,1997,10.0,36.0,4703.0,8.0,5.0,-4662.0
Eutrigla gurnardus,1998,18.0,41.0,8489.0,19.0,-6.0,-8454.0
Eutrigla gurnardus,1999,37.0,35.0,4885.0,-23.0,2.0,-4848.0
Eutrigla gurnardus,2000,14.0,37.0,5946.0,13.0,1.0,-5908.0
Eutrigla gurnardus,2001,27.0,38.0,4945.0,-14.0,0.0,-4907.0
Eutrigla gurnardus,2002,13.0,38.0,3270.0,-2.0,-4.0,-3236.0
Eutrigla gurnardus,2003,11.0,34.0,5745.0,-5.0,0.0,-5711.0
Eutrigla gurnardus,2004,6.0,34.0,4793.0,-2.0,2.0,-4757.0
Eutrigla gurnardus,2005,4.0,36.0,4352.0,1.0,0.0,-4316.0
Eutrigla gurnardus,2006,5.0,36.0,4556.0,2.0,0.0,-4520.0
Eutrigla gurnardus,2007,7.0,36.0,3950.0,-4.0,-5.0,-3919.0
Gadus morhua,1995,1250.0,38.0,7310.0,1567.0,2.0,-7270.0
Gadus morhua,1996,2817.0,40.0,7305.0,-2120.0,-4.0,-7269.0
Gadus morhua,1997,697.0,36.0,4703.0,1773.0,5.0,-4662.0
Gadus morhua,1998,2470.0,41.0,8489.0,-1757.0,-6.0,-8454.0
Gadus morhua,1999,713.0,35.0,4885.0,164.0,2.0,-4848.0
Gadus morhua,2000,877.0,37.0,5946.0,-537.0,1.0,-5908.0
Gadus morhua,2001,340.0,38.0,4945.0,-253.0,0.0,-4907.0
Gadus morhua,2002,87.0,38.0,3270.0,899.0,-4.0,-3236.0
Gadus morhua,2003,986.0,34.0,5745.0,-682.0,0.0,-5711.0
Gadus morhua,2004,304.0,34.0,4793.0,555.0,2.0,-4757.0
Gadus morhua,2005,859.0,36.0,4352.0,-225.0,0.0,-4316.0
Gadus morhua,2006,634.0,36.0,4556.0,383.0,0.0,-4520.0
Gadus morhua,2007,1017.0,36.0,3950.0,-836.0,-5.0,-3919.0
Gasterosteidae,1995,46.0,38.0,7310.0,39.0,2.0,-7270.0
Gasterosteidae,1996,85.0,40.0,7305.0,-10.0,-4.0,-7269.0
Gasterosteidae,1997,75.0,36.0,4703.0,-22.0,5.0,-4662.0
Gasterosteidae,1998,53.0,41.0,8489.0,23.0,-6.0,-8454.0
Gasterosteidae,1999,76.0,35.0,4885.0,12.0,2.0,-4848.0
Gasterosteidae,2000,88.0,37.0,5946.0,-27.0,1.0,-5908.0
Gasterosteidae,2001,61.0,38.0,4945.0,42.0,0.0,-4907.0
Gasterosteidae,2002,103.0,38.0,3270.0,-28.0,-4.0,-3236.0
Gasterosteidae,2003,75.0,34.0,5745.0,-4.0,0.0,-5711.0
Gasterosteidae,2004,71.0,34.0,4793.0,2.0,2.0,-4757.0
Gasterosteidae,2005,73.0,36.0,4352.0,29.0,0.0,-4316.0
Gasterosteidae,2006,102.0,36.0,4556.0,-43.0,0.0,-4520.0
Gasterosteidae,2007,59.0,36.0,3950.0,77.0,-5.0,-3919.0
Gobiusculus flavescens,1995,143.0,38.0,7310.0,64.0,2.0,-7270.0
Gobiusculus flavescens,1996,207.0,40.0,7305.0,44.0,-4.0,-7269.0
Gobiusculus flavescens,1997,251.0,36.0,4703.0,-81.0,5.0,-4662.0
Gobiusculus flavescens,1998,170.0,41.0,8489.0,-10.0,-6.0,-8454.0
Gobiusculus flavescens,1999,160.0,35.0,4885.0,-26.0,2.0,-4848.0
Gobiusculus flavescens,2000,134.0,37.0,5946.0,8.0,1.0,-5908.0
Gobiusculus flavescens,2001,142.0,38.0,4945.0,7.0,0.0,-4907.0
Gobiusculus flavescens,2002,149.0,38.0,3270.0,41.0,-4.0,-3236.0
Gobiusculus flavescens,2003,190.0,34.0,5745.0,34.0,0.0,-5711.0
Gobiusculus flavescens,2004,224.0,34.0,4793.0,43.0,2.0,-4757.0
Gobiusculus flavescens,2005,267.0,36.0,4352.0,-62.0,0.0,-4316.0
Gobiusculus flavescens,2006,205.0,36.0,4556.0,18.0,0.0,-4520.0
Gobiusculus flavescens,2007,223.0,36.0,3950.0,6.0,-5.0,-3919.0
Hippoglossoides platessoides,1995,0.0,38.0,7310.0,0.0,2.0,-7270.0
Hippoglossoides platessoides,1996,0.0,40.0,7305.0,0.0,-4.0,-7269.0
Hippoglossoides platessoides,1997,0.0,36.0,4703.0,0.0,5.0,-4662.0
Hippoglossoides platessoides,1998,0.0,41.0,8489.0,0.0,-6.0,-8454.0
Hippoglossoides platessoides,1999,0.0,35.0,4885.0,1.0,2.0,-4848.0
Hippoglossoides platessoides,2000,1.0,37.0,5946.0,1.0,1.0,-5908.0
Hippoglossoides platessoides,2001,2.0,38.0,4945.0,-2.0,0.0,-4907.0
Hippoglossoides platessoides,2002,0.0,38.0,3270.0,1.0,-4.0,-3236.0
Hippoglossoides platessoides,2003,1.0,34.0,5745.0,-1.0,0.0,-5711.0
Hippoglossoides platessoides,2004,0.0,34.0,4793.0,1.0,2.0,-4757.0
Hippoglossoides platessoides,2005,1.0,36.0,4352.0,1.0,0.0,-4316.0
Hippoglossoides platessoides,2006,2.0,36.0,4556.0,-1.0,0.0,-4520.0
Hippoglossoides platessoides,2007,1.0,36.0,3950.0,-1.0,-5.0,-3919.0
Hyas coarctatus,1995,1.0,38.0,7310.0,2.0,2.0,-7270.0
Hyas coarctatus,1996,3.0,40.0,7305.0,-3.0,-4.0,-7269.0
Hyas coarctatus,1997,0.0,36.0,4703.0,1.0,5.0,-4662.0
Hyas coarctatus,1998,1.0,41.0,8489.0,0.0,-6.0,-8454.0
Hyas coarctatus,1999,1.0,35.0,4885.0,-1.0,2.0,-4848.0
Hyas coarctatus,2000,0.0,37.0,5946.0,0.0,1.0,-5908.0
Hyas coarctatus,2001,0.0,38.0,4945.0,0.0,0.0,-4907.0
Hyas coarctatus,2002,0.0,38.0,3270.0,0.0,-4.0,-3236.0
Hyas coarctatus,2003,0.0,34.0,5745.0,0.0,0.0,-5711.0
Hyas coarctatus,2004,0.0,34.0,4793.0,0.0,2.0,-4757.0
Hyas coarctatus,2005,0.0,36.0,4352.0,1.0,0.0,-4316.0
Hyas coarctatus,2006,1.0,36.0,4556.0,-1.0,0.0,-4520.0
Hyas coarctatus,2007,0.0,36.0,3950.0,0.0,-5.0,-3919.0
Hyperoplus lanceolatus,1995,5.0,38.0,7310.0,20.0,2.0,-7270.0
Hyperoplus lanceolatus,1996,25.0,40.0,7305.0,-25.0,-4.0,-7269.0
Hyperoplus lanceolatus,1997,0.0,36.0,4703.0,10.0,5.0,-4662.0
Hyperoplus lanceolatus,1998,10.0,41.0,8489.0,-7.0,-6.0,-8454.0
Hyperoplus lanceolatus,1999,3.0,35.0,4885.0,-3.0,2.0,-4848.0
Hyperoplus lanceolatus,2000,0.0,37.0,5946.0,11.0,1.0,-5908.0
Hyperoplus lanceolatus,2001,11.0,38.0,4945.0,46.0,0.0,-4907.0
Hyperoplus lanceolatus,2002,57.0,38.0,3270.0,31.0,-4.0,-3236.0
Hyperoplus lanceolatus,2003,88.0,34.0,5745.0,138.0,0.0,-5711.0
Hyperoplus lanceolatus,2004,226.0,34.0,4793.0,-182.0,2.0,-4757.0
Hyperoplus lanceolatus,2005,44.0,36.0,4352.0,14.0,0.0,-4316.0
Hyperoplus lanceolatus,2006,58.0,36.0,4556.0,-58.0,0.0,-4520.0
Hyperoplus lanceolatus,2007,0.0,36.0,3950.0,2.0,-5.0,-3919.0
Labrus bergylta,1995,40.0,38.0,7310.0,100.0,2.0,-7270.0
Labrus bergylta,1996,140.0,40.0,7305.0,-44.0,-4.0,-7269.0
Labrus bergylta,1997,96.0,36.0,4703.0,-25.0,5.0,-4662.0
Labrus bergylta,1998,71.0,41.0,8489.0,-14.0,-6.0,-8454.0
Labrus bergylta,1999,57.0,35.0,4885.0,-25.0,2.0,-4848.0
Labrus bergylta,2000,32.0,37.0,5946.0,46.0,1.0,-5908.0
Labrus bergylta,2001,78.0,38.0,4945.0,-30.0,0.0,-4907.0
Labrus bergylta,2002,48.0,38.0,3270.0,52.0,-4.0,-3236.0
Labrus bergylta,2003,100.0,34.0,5745.0,2.0,0.0,-5711.0
Labrus bergylta,2004,102.0,34.0,4793.0,-10.0,2.0,-4757.0
Labrus bergylta,2005,92.0,36.0,4352.0,-2.0,0.0,-4316.0
Labrus bergylta,2006,90.0,36.0,4556.0,-40.0,0.0,-4520.0
Labrus bergylta,2007,50.0,36.0,3950.0,27.0,-5.0,-3919.0
Labrus bimaculatus,1995,0.0,38.0,7310.0,7.0,2.0,-7270.0
Labrus bimaculatus,1996,7.0,40.0,7305.0,-5.0,-4.0,-7269.0
Labrus bimaculatus,1997,2.0,36.0,4703.0,4.0,5.0,-4662.0
Labrus bimaculatus,1998,6.0,41.0,8489.0,-5.0,-6.0,-8454.0
Labrus bimaculatus,1999,1.0,35.0,4885.0,0.0,2.0,-4848.0
Labrus bimaculatus,2000,1.0,37.0,5946.0,5.0,1.0,-5908.0
Labrus bimaculatus,2001,6.0,38.0,4945.0,-6.0,0.0,-4907.0
Labrus bimaculatus,2002,0.0,38.0,3270.0,10.0,-4.0,-3236.0
Labrus bimaculatus,2003,10.0,34.0,5745.0,1.0,0.0,-5711.0
Labrus bimaculatus,2004,11.0,34.0,4793.0,-8.0,2.0,-4757.0
Labrus bimaculatus,2005,3.0,36.0,4352.0,2.0,0.0,-4316.0
Labrus bimaculatus,2006,5.0,36.0,4556.0,-2.0,0.0,-4520.0
Labrus bimaculatus,2007,3.0,36.0,3950.0,0.0,-5.0,-3919.0
Limanda limanda,1995,4.0,38.0,7310.0,-2.0,2.0,-7270.0
Limanda limanda,1996,2.0,40.0,7305.0,1.0,-4.0,-7269.0
Limanda limanda,1997,3.0,36.0,4703.0,1.0,5.0,-4662.0
Limanda limanda,1998,4.0,41.0,8489.0,0.0,-6.0,-8454.0
Limanda limanda,1999,4.0,35.0,4885.0,-1.0,2.0,-4848.0
Limanda limanda,2000,3.0,37.0,5946.0,-1.0,1.0,-5908.0
Limanda limanda,2001,2.0,38.0,4945.0,-2.0,0.0,-4907.0
Limanda limanda,2002,0.0,38.0,3270.0,1.0,-4.0,-3236.0
Limanda limanda,2003,1.0,34.0,5745.0,1.0,0.0,-5711.0
Limanda limanda,2004,2.0,34.0,4793.0,0.0,2.0,-4757.0
Limanda limanda,2005,2.0,36.0,4352.0,1.0,0.0,-4316.0
Limanda limanda,2006,3.0,36.0,4556.0,-2.0,0.0,-4520.0
Limanda limanda,2007,1.0,36.0,3950.0,0.0,-5.0,-3919.0
Littorina littorea,1995,0.0,38.0,7310.0,0.0,2.0,-7270.0
Littorina littorea,1996,0.0,40.0,7305.0,0.0,-4.0,-7269.0
Littorina littorea,1997,0.0,36.0,4703.0,0.0,5.0,-4662.0
Littorina littorea,1998,0.0,41.0,8489.0,0.0,-6.0,-8454.0
Littorina littorea,1999,0.0,35.0,4885.0,0.0,2.0,-4848.0
Littorina littorea,2000,0.0,37.0,5946.0,0.0,1.0,-5908.0
Littorina littorea,2001,0.0,38.0,4945.0,13.0,0.0,-4907.0
Littorina littorea,2002,13.0,38.0,3270.0,-13.0,-4.0,-3236.0
Littorina littorea,2003,0.0,34.0,5745.0,0.0,0.0,-5711.0
Littorina littorea,2004,0.0,34.0,4793.0,0.0,2.0,-4757.0
Littorina littorea,2005,0.0,36.0,4352.0,0.0,0.0,-4316.0
Littorina littorea,2006,0.0,36.0,4556.0,0.0,0.0,-4520.0
Littorina littorea,2007,0.0,36.0,3950.0,0.0,-5.0,-3919.0
Manetyngel unknown,1995,3.0,38.0,7310.0,0.0,2.0,-7270.0
Manetyngel unknown,1996,3.0,40.0,7305.0,-3.0,-4.0,-7269.0
Manetyngel unknown,1997,0.0,36.0,4703.0,0.0,5.0,-4662.0
Manetyngel unknown,1998,0.0,41.0,8489.0,0.0,-6.0,-8454.0
Manetyngel unknown,1999,0.0,35.0,4885.0,13.0,2.0,-4848.0
Manetyngel unknown,2000,13.0,37.0,5946.0,0.0,1.0,-5908.0
Manetyngel unknown,2001,13.0,38.0,4945.0,4.0,0.0,-4907.0
Manetyngel unknown,2002,17.0,38.0,3270.0,-17.0,-4.0,-3236.0
Manetyngel unknown,2003,0.0,34.0,5745.0,14.0,0.0,-5711.0
Manetyngel unknown,2004,14.0,34.0,4793.0,-5.0,2.0,-4757.0
Manetyngel unknown,2005,9.0,36.0,4352.0,44.0,0.0,-4316.0
Manetyngel unknown,2006,53.0,36.0,4556.0,173.0,0.0,-4520.0
Manetyngel unknown,2007,226.0,36.0,3950.0,6.0,-5.0,-3919.0
Melanogrammus aeglefinus,1995,1.0,38.0,7310.0,-1.0,2.0,-7270.0
Melanogrammus aeglefinus,1996,0.0,40.0,7305.0,0.0,-4.0,-7269.0
Melanogrammus aeglefinus,1997,0.0,36.0,4703.0,0.0,5.0,-4662.0
Melanogrammus aeglefinus,1998,0.0,41.0,8489.0,0.0,-6.0,-8454.0
Melanogrammus aeglefinus,1999,0.0,35.0,4885.0,0.0,2.0,-4848.0
Melanogrammus aeglefinus,2000,0.0,37.0,5946.0,0.0,1.0,-5908.0
Melanogrammus aeglefinus,2001,0.0,38.0,4945.0,0.0,0.0,-4907.0
Melanogrammus aeglefinus,2002,0.0,38.0,3270.0,0.0,-4.0,-3236.0
Melanogrammus aeglefinus,2003,0.0,34.0,5745.0,0.0,0.0,-5711.0
Melanogrammus aeglefinus,2004,0.0,34.0,4793.0,0.0,2.0,-4757.0
Melanogrammus aeglefinus,2005,0.0,36.0,4352.0,0.0,0.0,-4316.0
Melanogrammus aeglefinus,2006,0.0,36.0,4556.0,2.0,0.0,-4520.0
Melanogrammus aeglefinus,2007,2.0,36.0,3950.0,-2.0,-5.0,-3919.0
Merlangius merlangus,1995,2911.0,38.0,7310.0,-2100.0,2.0,-7270.0
Merlangius merlangus,1996,811.0,40.0,7305.0,377.0,-4.0,-7269.0
Merlangius merlangus,1997,1188.0,36.0,4703.0,2434.0,5.0,-4662.0
Merlangius merlangus,1998,3622.0,41.0,8489.0,-1916.0,-6.0,-8454.0
Merlangius merlangus,1999,1706.0,35.0,4885.0,427.0,2.0,-4848.0
Merlangius merlangus,2000,2133.0,37.0,5946.0,-13.0,1.0,-5908.0
Merlangius merlangus,2001,2120.0,38.0,4945.0,-1290.0,0.0,-4907.0
Merlangius merlangus,2002,830.0,38.0,3270.0,774.0,-4.0,-3236.0
Merlangius merlangus,2003,1604.0,34.0,5745.0,306.0,0.0,-5711.0
Merlangius merlangus,2004,1910.0,34.0,4793.0,-853.0,2.0,-4757.0
Merlangius merlangus,2005,1057.0,36.0,4352.0,213.0,0.0,-4316.0
Merlangius merlangus,2006,1270.0,36.0,4556.0,-612.0,0.0,-4520.0
Merlangius merlangus,2007,658.0,36.0,3950.0,-134.0,-5.0,-3919.0
Microstomus kitt,1995,1.0,38.0,7310.0,0.0,2.0,-7270.0
Microstomus kitt,1996,1.0,40.0,7305.0,-1.0,-4.0,-7269.0
Microstomus kitt,1997,0.0,36.0,4703.0,1.0,5.0,-4662.0
Microstomus kitt,1998,1.0,41.0,8489.0,0.0,-6.0,-8454.0
Microstomus kitt,1999,1.0,35.0,4885.0,0.0,2.0,-4848.0
Microstomus kitt,2000,1.0,37.0,5946.0,1.0,1.0,-5908.0
Microstomus kitt,2001,2.0,38.0,4945.0,-2.0,0.0,-4907.0
Microstomus kitt,2002,0.0,38.0,3270.0,0.0,-4.0,-3236.0
Microstomus kitt,2003,0.0,34.0,5745.0,0.0,0.0,-5711.0
Microstomus kitt,2004,0.0,34.0,4793.0,0.0,2.0,-4757.0
Microstomus kitt,2005,0.0,36.0,4352.0,1.0,0.0,-4316.0
Microstomus kitt,2006,1.0,36.0,4556.0,-1.0,0.0,-4520.0
Microstomus kitt,2007,0.0,36.0,3950.0,0.0,-5.0,-3919.0
Ophiuroidea,1995,7.0,38.0,7310.0,-3.0,2.0,-7270.0
Ophiuroidea,1996,4.0,40.0,7305.0,-4.0,-4.0,-7269.0
Ophiuroidea,1997,0.0,36.0,4703.0,0.0,5.0,-4662.0
Ophiuroidea,1998,0.0,41.0,8489.0,3.0,-6.0,-8454.0
Ophiuroidea,1999,3.0,35.0,4885.0,-3.0,2.0,-4848.0
Ophiuroidea,2000,0.0,37.0,5946.0,0.0,1.0,-5908.0
Ophiuroidea,2001,0.0,38.0,4945.0,0.0,0.0,-4907.0
Ophiuroidea,2002,0.0,38.0,3270.0,0.0,-4.0,-3236.0
Ophiuroidea,2003,0.0,34.0,5745.0,0.0,0.0,-5711.0
Ophiuroidea,2004,0.0,34.0,4793.0,1.0,2.0,-4757.0
Ophiuroidea,2005,1.0,36.0,4352.0,-1.0,0.0,-4316.0
Ophiuroidea,2006,0.0,36.0,4556.0,0.0,0.0,-4520.0
Ophiuroidea,2007,0.0,36.0,3950.0,0.0,-5.0,-3919.0
Pagurus prideaux,1995,2.0,38.0,7310.0,9.0,2.0,-7270.0
Pagurus prideaux,1996,11.0,40.0,7305.0,-5.0,-4.0,-7269.0
Pagurus prideaux,1997,6.0,36.0,4703.0,-3.0,5.0,-4662.0
Pagurus prideaux,1998,3.0,41.0,8489.0,2.0,-6.0,-8454.0
Pagurus prideaux,1999,5.0,35.0,4885.0,4.0,2.0,-4848.0
Pagurus prideaux,2000,9.0,37.0,5946.0,-9.0,1.0,-5908.0
Pagurus prideaux,2001,0.0,38.0,4945.0,3.0,0.0,-4907.0
Pagurus prideaux,2002,3.0,38.0,3270.0,-3.0,-4.0,-3236.0
Pagurus prideaux,2003,0.0,34.0,5745.0,1.0,0.0,-5711.0
Pagurus prideaux,2004,1.0,34.0,4793.0,3.0,2.0,-4757.0
Pagurus prideaux,2005,4.0,36.0,4352.0,-4.0,0.0,-4316.0
Pagurus prideaux,2006,0.0,36.0,4556.0,0.0,0.0,-4520.0
Pagurus prideaux,2007,0.0,36.0,3950.0,0.0,-5.0,-3919.0
Palaemon adspersus,1995,193.0,38.0,7310.0,10.0,2.0,-7270.0
Palaemon adspersus,1996,203.0,40.0,7305.0,77.0,-4.0,-7269.0
Palaemon adspersus,1997,280.0,36.0,4703.0,-60.0,5.0,-4662.0
Palaemon adspersus,1998,220.0,41.0,8489.0,-28.0,-6.0,-8454.0
Palaemon adspersus,1999,192.0,35.0,4885.0,34.0,2.0,-4848.0
Palaemon adspersus,2000,226.0,37.0,5946.0,-97.0,1.0,-5908.0
Palaemon adspersus,2001,129.0,38.0,4945.0,43.0,0.0,-4907.0
Palaemon adspersus,2002,172.0,38.0,3270.0,-44.0,-4.0,-3236.0
Palaemon adspersus,2003,128.0,34.0,5745.0,50.0,0.0,-5711.0
Palaemon adspersus,2004,178.0,34.0,4793.0,-20.0,2.0,-4757.0
Palaemon adspersus,2005,158.0,36.0,4352.0,19.0,0.0,-4316.0
Palaemon adspersus,2006,177.0,36.0,4556.0,-83.0,0.0,-4520.0
Palaemon adspersus,2007,94.0,36.0,3950.0,-9.0,-5.0,-3919.0
Pholis gunnellus,1995,11.0,38.0,7310.0,-2.0,2.0,-7270.0
Pholis gunnellus,1996,9.0,40.0,7305.0,-8.0,-4.0,-7269.0
Pholis gunnellus,1997,1.0,36.0,4703.0,7.0,5.0,-4662.0
Pholis gunnellus,1998,8.0,41.0,8489.0,2.0,-6.0,-8454.0
Pholis gunnellus,1999,10.0,35.0,4885.0,-3.0,2.0,-4848.0
Pholis gunnellus,2000,7.0,37.0,5946.0,-4.0,1.0,-5908.0
Pholis gunnellus,2001,3.0,38.0,4945.0,1.0,0.0,-4907.0
Pholis gunnellus,2002,4.0,38.0,3270.0,-1.0,-4.0,-3236.0
Pholis gunnellus,2003,3.0,34.0,5745.0,-1.0,0.0,-5711.0
Pholis gunnellus,2004,2.0,34.0,4793.0,-1.0,2.0,-4757.0
Pholis gunnellus,2005,1.0,36.0,4352.0,2.0,0.0,-4316.0
Pholis gunnellus,2006,3.0,36.0,4556.0,1.0,0.0,-4520.0
Pholis gunnellus,2007,4.0,36.0,3950.0,-1.0,-5.0,-3919.0
Phrynorhombus norvegicus,1995,0.0,38.0,7310.0,1.0,2.0,-7270.0
Phrynorhombus norvegicus,1996,1.0,40.0,7305.0,-1.0,-4.0,-7269.0
Phrynorhombus norvegicus,1997,0.0,36.0,4703.0,3.0,5.0,-4662.0
Phrynorhombus norvegicus,1998,3.0,41.0,8489.0,-3.0,-6.0,-8454.0
Phrynorhombus norvegicus,1999,0.0,35.0,4885.0,0.0,2.0,-4848.0
Phrynorhombus norvegicus,2000,0.0,37.0,5946.0,1.0,1.0,-5908.0
Phrynorhombus norvegicus,2001,1.0,38.0,4945.0,-1.0,0.0,-4907.0
Phrynorhombus norvegicus,2002,0.0,38.0,3270.0,0.0,-4.0,-3236.0
Phrynorhombus norvegicus,2003,0.0,34.0,5745.0,0.0,0.0,-5711.0
Phrynorhombus norvegicus,2004,0.0,34.0,4793.0,0.0,2.0,-4757.0
Phrynorhombus norvegicus,2005,0.0,36.0,4352.0,0.0,0.0,-4316.0
Phrynorhombus norvegicus,2006,0.0,36.0,4556.0,0.0,0.0,-4520.0
Phrynorhombus norvegicus,2007,0.0,36.0,3950.0,0.0,-5.0,-3919.0
Platichthys flesus,1995,94.0,38.0,7310.0,16.0,2.0,-7270.0
Platichthys flesus,1996,110.0,40.0,7305.0,-22.0,-4.0,-7269.0
Platichthys flesus,1997,88.0,36.0,4703.0,-6.0,5.0,-4662.0
Platichthys flesus,1998,82.0,41.0,8489.0,0.0,-6.0,-8454.0
Platichthys flesus,1999,82.0,35.0,4885.0,4.0,2.0,-4848.0
Platichthys flesus,2000,86.0,37.0,5946.0,-6.0,1.0,-5908.0
Platichthys flesus,2001,80.0,38.0,4945.0,-31.0,0.0,-4907.0
Platichthys flesus,2002,49.0,38.0,3270.0,11.0,-4.0,-3236.0
Platichthys flesus,2003,60.0,34.0,5745.0,-15.0,0.0,-5711.0
Platichthys flesus,2004,45.0,34.0,4793.0,-1.0,2.0,-4757.0
Platichthys flesus,2005,44.0,36.0,4352.0,-2.0,0.0,-4316.0
Platichthys flesus,2006,42.0,36.0,4556.0,7.0,0.0,-4520.0
Platichthys flesus,2007,49.0,36.0,3950.0,12.0,-5.0,-3919.0
Pleuronectes platessa,1995,3.0,38.0,7310.0,8.0,2.0,-7270.0
Pleuronectes platessa,1996,11.0,40.0,7305.0,-4.0,-4.0,-7269.0
Pleuronectes platessa,1997,7.0,36.0,4703.0,1.0,5.0,-4662.0
Pleuronectes platessa,1998,8.0,41.0,8489.0,4.0,-6.0,-8454.0
Pleuronectes platessa,1999,12.0,35.0,4885.0,6.0,2.0,-4848.0
Pleuronectes platessa,2000,18.0,37.0,5946.0,-8.0,1.0,-5908.0
Pleuronectes platessa,2001,10.0,38.0,4945.0,0.0,0.0,-4907.0
Pleuronectes platessa,2002,10.0,38.0,3270.0,-2.0,-4.0,-3236.0
Pleuronectes platessa,2003,8.0,34.0,5745.0,-3.0,0.0,-5711.0
Pleuronectes platessa,2004,5.0,34.0,4793.0,2.0,2.0,-4757.0
Pleuronectes platessa,2005,7.0,36.0,4352.0,-3.0,0.0,-4316.0
Pleuronectes platessa,2006,4.0,36.0,4556.0,9.0,0.0,-4520.0
Pleuronectes platessa,2007,13.0,36.0,3950.0,-7.0,-5.0,-3919.0
Polioptila caerulea,1995,12.0,38.0,7310.0,27.0,2.0,-7270.0
Polioptila caerulea,1996,39.0,40.0,7305.0,-27.0,-4.0,-7269.0
Polioptila caerulea,1997,12.0,36.0,4703.0,-2.0,5.0,-4662.0
Polioptila caerulea,1998,10.0,41.0,8489.0,-10.0,-6.0,-8454.0
Polioptila caerulea,1999,0.0,35.0,4885.0,75.0,2.0,-4848.0
Polioptila caerulea,2000,75.0,37.0,5946.0,-67.0,1.0,-5908.0
Polioptila caerulea,2001,8.0,38.0,4945.0,-5.0,0.0,-4907.0
Polioptila caerulea,2002,3.0,38.0,3270.0,48.0,-4.0,-3236.0
Polioptila caerulea,2003,51.0,34.0,5745.0,-18.0,0.0,-5711.0
Polioptila caerulea,2004,33.0,34.0,4793.0,-29.0,2.0,-4757.0
Polioptila caerulea,2005,4.0,36.0,4352.0,14.0,0.0,-4316.0
Polioptila caerulea,2006,18.0,36.0,4556.0,3.0,0.0,-4520.0
Polioptila caerulea,2007,21.0,36.0,3950.0,-7.0,-5.0,-3919.0
Pollachius pollachius,1995,96.0,38.0,7310.0,-48.0,2.0,-7270.0
Pollachius pollachius,1996,48.0,40.0,7305.0,-24.0,-4.0,-7269.0
Pollachius pollachius,1997,24.0,36.0,4703.0,98.0,5.0,-4662.0
Pollachius pollachius,1998,122.0,41.0,8489.0,-57.0,-6.0,-8454.0
Pollachius pollachius,1999,65.0,35.0,4885.0,-22.0,2.0,-4848.0
Pollachius pollachius,2000,43.0,37.0,5946.0,5.0,1.0,-5908.0
Pollachius pollachius,2001,48.0,38.0,4945.0,-40.0,0.0,-4907.0
Pollachius pollachius,2002,8.0,38.0,3270.0,2.0,-4.0,-3236.0
Pollachius pollachius,2003,10.0,34.0,5745.0,21.0,0.0,-5711.0
Pollachius pollachius,2004,31.0,34.0,4793.0,4.0,2.0,-4757.0
Pollachius pollachius,2005,35.0,36.0,4352.0,32.0,0.0,-4316.0
Pollachius pollachius,2006,67.0,36.0,4556.0,112.0,0.0,-4520.0
Pollachius pollachius,2007,179.0,36.0,3950.0,-103.0,-5.0,-3919.0
Pollachius virens,1995,570.0,38.0,7310.0,-94.0,2.0,-7270.0
Pollachius virens,1996,476.0,40.0,7305.0,-288.0,-4.0,-7269.0
Pollachius virens,1997,188.0,36.0,4703.0,-118.0,5.0,-4662.0
Pollachius virens,1998,70.0,41.0,8489.0,9.0,-6.0,-8454.0
Pollachius virens,1999,79.0,35.0,4885.0,513.0,2.0,-4848.0
Pollachius virens,2000,592.0,37.0,5946.0,-468.0,1.0,-5908.0
Pollachius virens,2001,124.0,38.0,4945.0,64.0,0.0,-4907.0
Pollachius virens,2002,188.0,38.0,3270.0,-146.0,-4.0,-3236.0
Pollachius virens,2003,42.0,34.0,5745.0,-37.0,0.0,-5711.0
Pollachius virens,2004,5.0,34.0,4793.0,31.0,2.0,-4757.0
Pollachius virens,2005,36.0,36.0,4352.0,-2.0,0.0,-4316.0
Pollachius virens,2006,34.0,36.0,4556.0,2.0,0.0,-4520.0
Pollachius virens,2007,36.0,36.0,3950.0,190.0,-5.0,-3919.0
Pomatoschistus minutus,1995,276.0,38.0,7310.0,12.0,2.0,-7270.0
Pomatoschistus minutus,1996,288.0,40.0,7305.0,12.0,-4.0,-7269.0
Pomatoschistus minutus,1997,300.0,36.0,4703.0,-6.0,5.0,-4662.0
Pomatoschistus minutus,1998,294.0,41.0,8489.0,-3.0,-6.0,-8454.0
Pomatoschistus minutus,1999,291.0,35.0,4885.0,0.0,2.0,-4848.0
Pomatoschistus minutus,2000,291.0,37.0,5946.0,6.0,1.0,-5908.0
Pomatoschistus minutus,2001,297.0,38.0,4945.0,0.0,0.0,-4907.0
Pomatoschistus minutus,2002,297.0,38.0,3270.0,0.0,-4.0,-3236.0
Pomatoschistus minutus,2003,297.0,34.0,5745.0,-3.0,0.0,-5711.0
Pomatoschistus minutus,2004,294.0,34.0,4793.0,-3.0,2.0,-4757.0
Pomatoschistus minutus,2005,291.0,36.0,4352.0,6.0,0.0,-4316.0
Pomatoschistus minutus,2006,297.0,36.0,4556.0,-3.0,0.0,-4520.0
Pomatoschistus minutus,2007,294.0,36.0,3950.0,-3.0,-5.0,-3919.0
Psetta maxima,1995,3.0,38.0,7310.0,-1.0,2.0,-7270.0
Psetta maxima,1996,2.0,40.0,7305.0,0.0,-4.0,-7269.0
Psetta maxima,1997,2.0,36.0,4703.0,-1.0,5.0,-4662.0
Psetta maxima,1998,1.0,41.0,8489.0,1.0,-6.0,-8454.0
Psetta maxima,1999,2.0,35.0,4885.0,-1.0,2.0,-4848.0
Psetta maxima,2000,1.0,37.0,5946.0,0.0,1.0,-5908.0
Psetta maxima,2001,1.0,38.0,4945.0,-1.0,0.0,-4907.0
Psetta maxima,2002,0.0,38.0,3270.0,0.0,-4.0,-3236.0
Psetta maxima,2003,0.0,34.0,5745.0,0.0,0.0,-5711.0
Psetta maxima,2004,0.0,34.0,4793.0,0.0,2.0,-4757.0
Psetta maxima,2005,0.0,36.0,4352.0,0.0,0.0,-4316.0
Psetta maxima,2006,0.0,36.0,4556.0,0.0,0.0,-4520.0
Psetta maxima,2007,0.0,36.0,3950.0,0.0,-5.0,-3919.0
Salmo trutta,1995,39.0,38.0,7310.0,-11.0,2.0,-7270.0
Salmo trutta,1996,28.0,40.0,7305.0,11.0,-4.0,-7269.0
Salmo trutta,1997,39.0,36.0,4703.0,-2.0,5.0,-4662.0
Salmo trutta,1998,37.0,41.0,8489.0,-13.0,-6.0,-8454.0
Salmo trutta,1999,24.0,35.0,4885.0,39.0,2.0,-4848.0
Salmo trutta,2000,63.0,37.0,5946.0,-5.0,1.0,-5908.0
Salmo trutta,2001,58.0,38.0,4945.0,11.0,0.0,-4907.0
Salmo trutta,2002,69.0,38.0,3270.0,-45.0,-4.0,-3236.0
Salmo trutta,2003,24.0,34.0,5745.0,17.0,0.0,-5711.0
Salmo trutta,2004,41.0,34.0,4793.0,6.0,2.0,-4757.0
Salmo trutta,2005,47.0,36.0,4352.0,-5.0,0.0,-4316.0
Salmo trutta,2006,42.0,36.0,4556.0,74.0,0.0,-4520.0
Salmo trutta,2007,116.0,36.0,3950.0,43.0,-5.0,-3919.0
Scomber scombrus,1995,0.0,38.0,7310.0,81.0,2.0,-7270.0
Scomber scombrus,1996,81.0,40.0,7305.0,-63.0,-4.0,-7269.0
Scomber scombrus,1997,18.0,36.0,4703.0,-5.0,5.0,-4662.0
Scomber scombrus,1998,13.0,41.0,8489.0,1.0,-6.0,-8454.0
Scomber scombrus,1999,14.0,35.0,4885.0,-13.0,2.0,-4848.0
Scomber scombrus,2000,1.0,37.0,5946.0,16.0,1.0,-5908.0
Scomber scombrus,2001,17.0,38.0,4945.0,-15.0,0.0,-4907.0
Scomber scombrus,2002,2.0,38.0,3270.0,4.0,-4.0,-3236.0
Scomber scombrus,2003,6.0,34.0,5745.0,55.0,0.0,-5711.0
Scomber scombrus,2004,61.0,34.0,4793.0,-48.0,2.0,-4757.0
Scomber scombrus,2005,13.0,36.0,4352.0,-4.0,0.0,-4316.0
Scomber scombrus,2006,9.0,36.0,4556.0,-2.0,0.0,-4520.0
Scomber scombrus,2007,7.0,36.0,3950.0,5.0,-5.0,-3919.0
Scophthalmus rhombus,1995,5.0,38.0,7310.0,-1.0,2.0,-7270.0
Scophthalmus rhombus,1996,4.0,40.0,7305.0,4.0,-4.0,-7269.0
Scophthalmus rhombus,1997,8.0,36.0,4703.0,1.0,5.0,-4662.0
Scophthalmus rhombus,1998,9.0,41.0,8489.0,-3.0,-6.0,-8454.0
Scophthalmus rhombus,1999,6.0,35.0,4885.0,-5.0,2.0,-4848.0
Scophthalmus rhombus,2000,1.0,37.0,5946.0,11.0,1.0,-5908.0
Scophthalmus rhombus,2001,12.0,38.0,4945.0,-5.0,0.0,-4907.0
Scophthalmus rhombus,2002,7.0,38.0,3270.0,4.0,-4.0,-3236.0
Scophthalmus rhombus,2003,11.0,34.0,5745.0,-7.0,0.0,-5711.0
Scophthalmus rhombus,2004,4.0,34.0,4793.0,2.0,2.0,-4757.0
Scophthalmus rhombus,2005,6.0,36.0,4352.0,2.0,0.0,-4316.0
Scophthalmus rhombus,2006,8.0,36.0,4556.0,-3.0,0.0,-4520.0
Scophthalmus rhombus,2007,5.0,36.0,3950.0,1.0,-5.0,-3919.0
Scorpaenidae,1995,69.0,38.0,7310.0,-2.0,2.0,-7270.0
Scorpaenidae,1996,67.0,40.0,7305.0,9.0,-4.0,-7269.0
Scorpaenidae,1997,76.0,36.0,4703.0,-35.0,5.0,-4662.0
Scorpaenidae,1998,41.0,41.0,8489.0,17.0,-6.0,-8454.0
Scorpaenidae,1999,58.0,35.0,4885.0,-21.0,2.0,-4848.0
Scorpaenidae,2000,37.0,37.0,5946.0,20.0,1.0,-5908.0
Scorpaenidae,2001,57.0,38.0,4945.0,-20.0,0.0,-4907.0
Scorpaenidae,2002,37.0,38.0,3270.0,-14.0,-4.0,-3236.0
Scorpaenidae,2003,23.0,34.0,5745.0,4.0,0.0,-5711.0
Scorpaenidae,2004,27.0,34.0,4793.0,3.0,2.0,-4757.0
Scorpaenidae,2005,30.0,36.0,4352.0,7.0,0.0,-4316.0
Scorpaenidae,2006,37.0,36.0,4556.0,-21.0,0.0,-4520.0
Scorpaenidae,2007,16.0,36.0,3950.0,34.0,-5.0,-3919.0
Solea solea,1995,2.0,38.0,7310.0,0.0,2.0,-7270.0
Solea solea,1996,2.0,40.0,7305.0,-2.0,-4.0,-7269.0
Solea solea,1997,0.0,36.0,4703.0,3.0,5.0,-4662.0
Solea solea,1998,3.0,41.0,8489.0,-3.0,-6.0,-8454.0
Solea solea,1999,0.0,35.0,4885.0,1.0,2.0,-4848.0
Solea solea,2000,1.0,37.0,5946.0,2.0,1.0,-5908.0
Solea solea,2001,3.0,38.0,4945.0,-1.0,0.0,-4907.0
Solea solea,2002,2.0,38.0,3270.0,-1.0,-4.0,-3236.0
Solea solea,2003,1.0,34.0,5745.0,-1.0,0.0,-5711.0
Solea solea,2004,0.0,34.0,4793.0,0.0,2.0,-4757.0
Solea solea,2005,0.0,36.0,4352.0,1.0,0.0,-4316.0
Solea solea,2006,1.0,36.0,4556.0,0.0,0.0,-4520.0
Solea solea,2007,1.0,36.0,3950.0,-1.0,-5.0,-3919.0
Spatangoida,1995,0.0,38.0,7310.0,3.0,2.0,-7270.0
Spatangoida,1996,3.0,40.0,7305.0,-3.0,-4.0,-7269.0
Spatangoida,1997,0.0,36.0,4703.0,3.0,5.0,-4662.0
Spatangoida,1998,3.0,41.0,8489.0,-3.0,-6.0,-8454.0
Spatangoida,1999,0.0,35.0,4885.0,6.0,2.0,-4848.0
Spatangoida,2000,6.0,37.0,5946.0,0.0,1.0,-5908.0
Spatangoida,2001,6.0,38.0,4945.0,-6.0,0.0,-4907.0
Spatangoida,2002,0.0,38.0,3270.0,0.0,-4.0,-3236.0
Spatangoida,2003,0.0,34.0,5745.0,0.0,0.0,-5711.0
Spatangoida,2004,0.0,34.0,4793.0,0.0,2.0,-4757.0
Spatangoida,2005,0.0,36.0,4352.0,0.0,0.0,-4316.0
Spatangoida,2006,0.0,36.0,4556.0,3.0,0.0,-4520.0
Spatangoida,2007,3.0,36.0,3950.0,-3.0,-5.0,-3919.0
Spinachia spinachia,1995,84.0,38.0,7310.0,40.0,2.0,-7270.0
Spinachia spinachia,1996,124.0,40.0,7305.0,-100.0,-4.0,-7269.0
Spinachia spinachia,1997,24.0,36.0,4703.0,56.0,5.0,-4662.0
Spinachia spinachia,1998,80.0,41.0,8489.0,33.0,-6.0,-8454.0
Spinachia spinachia,1999,113.0,35.0,4885.0,8.0,2.0,-4848.0
Spinachia spinachia,2000,121.0,37.0,5946.0,-7.0,1.0,-5908.0
Spinachia spinachia,2001,114.0,38.0,4945.0,-78.0,0.0,-4907.0
Spinachia spinachia,2002,36.0,38.0,3270.0,12.0,-4.0,-3236.0
Spinachia spinachia,2003,48.0,34.0,5745.0,20.0,0.0,-5711.0
Spinachia spinachia,2004,68.0,34.0,4793.0,18.0,2.0,-4757.0
Spinachia spinachia,2005,86.0,36.0,4352.0,-57.0,0.0,-4316.0
Spinachia spinachia,2006,29.0,36.0,4556.0,20.0,0.0,-4520.0
Spinachia spinachia,2007,49.0,36.0,3950.0,3.0,-5.0,-3919.0
Sprattus sprattus,1995,23.0,38.0,7310.0,19.0,2.0,-7270.0
Sprattus sprattus,1996,42.0,40.0,7305.0,17.0,-4.0,-7269.0
Sprattus sprattus,1997,59.0,36.0,4703.0,-26.0,5.0,-4662.0
Sprattus sprattus,1998,33.0,41.0,8489.0,23.0,-6.0,-8454.0
Sprattus sprattus,1999,56.0,35.0,4885.0,-51.0,2.0,-4848.0
Sprattus sprattus,2000,5.0,37.0,5946.0,103.0,1.0,-5908.0
Sprattus sprattus,2001,108.0,38.0,4945.0,-71.0,0.0,-4907.0
Sprattus sprattus,2002,37.0,38.0,3270.0,3.0,-4.0,-3236.0
Sprattus sprattus,2003,40.0,34.0,5745.0,2.0,0.0,-5711.0
Sprattus sprattus,2004,42.0,34.0,4793.0,16.0,2.0,-4757.0
Sprattus sprattus,2005,58.0,36.0,4352.0,-20.0,0.0,-4316.0
Sprattus sprattus,2006,38.0,36.0,4556.0,-6.0,0.0,-4520.0
Sprattus sprattus,2007,32.0,36.0,3950.0,1.0,-5.0,-3919.0
Sygnathus typhle,1995,53.0,38.0,7310.0,-3.0,2.0,-7270.0
Sygnathus typhle,1996,50.0,40.0,7305.0,97.0,-4.0,-7269.0
Sygnathus typhle,1997,147.0,36.0,4703.0,-72.0,5.0,-4662.0
Sygnathus typhle,1998,75.0,41.0,8489.0,13.0,-6.0,-8454.0
Sygnathus typhle,1999,88.0,35.0,4885.0,1.0,2.0,-4848.0
Sygnathus typhle,2000,89.0,37.0,5946.0,5.0,1.0,-5908.0
Sygnathus typhle,2001,94.0,38.0,4945.0,-47.0,0.0,-4907.0
Sygnathus typhle,2002,47.0,38.0,3270.0,27.0,-4.0,-3236.0
Sygnathus typhle,2003,74.0,34.0,5745.0,7.0,0.0,-5711.0
Sygnathus typhle,2004,81.0,34.0,4793.0,-14.0,2.0,-4757.0
Sygnathus typhle,2005,67.0,36.0,4352.0,42.0,0.0,-4316.0
Sygnathus typhle,2006,109.0,36.0,4556.0,-81.0,0.0,-4520.0
Sygnathus typhle,2007,28.0,36.0,3950.0,58.0,-5.0,-3919.0
Symphodus melops,1995,214.0,38.0,7310.0,4.0,2.0,-7270.0
Symphodus melops,1996,218.0,40.0,7305.0,94.0,-4.0,-7269.0
Symphodus melops,1997,312.0,36.0,4703.0,-167.0,5.0,-4662.0
Symphodus melops,1998,145.0,41.0,8489.0,186.0,-6.0,-8454.0
Symphodus melops,1999,331.0,35.0,4885.0,-38.0,2.0,-4848.0
Symphodus melops,2000,293.0,37.0,5946.0,39.0,1.0,-5908.0
Symphodus melops,2001,332.0,38.0,4945.0,-14.0,0.0,-4907.0
Symphodus melops,2002,318.0,38.0,3270.0,25.0,-4.0,-3236.0
Symphodus melops,2003,343.0,34.0,5745.0,-45.0,0.0,-5711.0
Symphodus melops,2004,298.0,34.0,4793.0,49.0,2.0,-4757.0
Symphodus melops,2005,347.0,36.0,4352.0,10.0,0.0,-4316.0
Symphodus melops,2006,357.0,36.0,4556.0,-172.0,0.0,-4520.0
Symphodus melops,2007,185.0,36.0,3950.0,144.0,-5.0,-3919.0
Trachurus trachurus,1995,12.0,38.0,7310.0,14.0,2.0,-7270.0
Trachurus trachurus,1996,26.0,40.0,7305.0,48.0,-4.0,-7269.0
Trachurus trachurus,1997,74.0,36.0,4703.0,-32.0,5.0,-4662.0
Trachurus trachurus,1998,42.0,41.0,8489.0,16.0,-6.0,-8454.0
Trachurus trachurus,1999,58.0,35.0,4885.0,-47.0,2.0,-4848.0
Trachurus trachurus,2000,11.0,37.0,5946.0,84.0,1.0,-5908.0
Trachurus trachurus,2001,95.0,38.0,4945.0,-35.0,0.0,-4907.0
Trachurus trachurus,2002,60.0,38.0,3270.0,42.0,-4.0,-3236.0
Trachurus trachurus,2003,102.0,34.0,5745.0,-51.0,0.0,-5711.0
Trachurus trachurus,2004,51.0,34.0,4793.0,-4.0,2.0,-4757.0
Trachurus trachurus,2005,47.0,36.0,4352.0,55.0,0.0,-4316.0
Trachurus trachurus,2006,102.0,36.0,4556.0,-64.0,0.0,-4520.0
Trachurus trachurus,2007,38.0,36.0,3950.0,33.0,-5.0,-3919.0
Trisopterus minutus,1995,0.0,38.0,7310.0,4.0,2.0,-7270.0
Trisopterus minutus,1996,4.0,40.0,7305.0,-3.0,-4.0,-7269.0
Trisopterus minutus,1997,1.0,36.0,4703.0,20.0,5.0,-4662.0
Trisopterus minutus,1998,21.0,41.0,8489.0,-20.0,-6.0,-8454.0
Trisopterus minutus,1999,1.0,35.0,4885.0,0.0,2.0,-4848.0
Trisopterus minutus,2000,1.0,37.0,5946.0,16.0,1.0,-5908.0
Trisopterus minutus,2001,17.0,38.0,4945.0,-11.0,0.0,-4907.0
Trisopterus minutus,2002,6.0,38.0,3270.0,0.0,-4.0,-3236.0
Trisopterus minutus,2003,6.0,34.0,5745.0,15.0,0.0,-5711.0
Trisopterus minutus,2004,21.0,34.0,4793.0,-13.0,2.0,-4757.0
Trisopterus minutus,2005,8.0,36.0,4352.0,-3.0,0.0,-4316.0
Trisopterus minutus,2006,5.0,36.0,4556.0,21.0,0.0,-4520.0
Trisopterus minutus,2007,26.0,36.0,3950.0,-12.0,-5.0,-3919.0
Zoarces viviparus,1995,29.0,38.0,7310.0,-12.0,2.0,-7270.0
Zoarces viviparus,1996,17.0,40.0,7305.0,-7.0,-4.0,-7269.0
Zoarces viviparus,1997,10.0,36.0,4703.0,-4.0,5.0,-4662.0
Zoarces viviparus,1998,6.0,41.0,8489.0,5.0,-6.0,-8454.0
Zoarces viviparus,1999,11.0,35.0,4885.0,1.0,2.0,-4848.0
Zoarces viviparus,2000,12.0,37.0,5946.0,1.0,1.0,-5908.0
Zoarces viviparus,2001,13.0,38.0,4945.0,-9.0,0.0,-4907.0
Zoarces viviparus,2002,4.0,38.0,3270.0,3.0,-4.0,-3236.0
Zoarces viviparus,2003,7.0,34.0,5745.0,-5.0,0.0,-5711.0
Zoarces viviparus,2004,2.0,34.0,4793.0,2.0,2.0,-4757.0
Zoarces viviparus,2005,4.0,36.0,4352.0,3.0,0.0,-4316.0
Zoarces viviparus,2006,7.0,36.0,4556.0,-6.0,0.0,-4520.0
Zoarces viviparus,2007,1.0,36.0,3950.0,4.0,-5.0,-3919.0
